Epoch,Loss,Accuracy
1,0.4237730339609872,0.8416329688982078
2,0.2243849444894876,0.9199865208926165
3,0.14100485216356076,0.9503769157805402
