Epoch,Loss,Accuracy
1,0.40078406597371585,0.8488093455144526
2,0.21244926923051322,0.9249038989566173
3,0.12904414671217315,0.9547825869901653
